,Question,Answer
0,What are the moduli fields in string theory and why are they important for cosmology?,"Moduli are fields in string theory that control the shape and size of extra dimensions, influencing the magnitude of couplings in the effective field theory. They are crucial in cosmology as they can act as inflatons during inflation and have implications for the post-inflationary evolution of the universe."
1,How do moduli fields behave in the early universe compared to the present epoch according to string cosmology?,"In the early universe, moduli fields can have non-trivial time dependence, leading to deviations from the standard cosmological timeline. In the present epoch, moduli fields need to be either pinned to their minima or rolling very slowly. Understanding the dynamics and potential energy functional of moduli fields is essential in both scenarios."
2,Why is a deep knowledge of string compactifications necessary for string cosmology?,"String compactifications involve dimensional reduction and deriving low energy effective actions from string theory. This knowledge is crucial for understanding the dynamics of moduli fields and their implications for cosmology. Additionally, it requires a grasp of modern mathematics due to the complexity of string compactifications."
3,What is the potential impact of exploring alternatives in string theory on our understanding of fundamental physics?,Exploring alternatives in string theory can lead to insights in novel regimes and potentially answer fundamental questions such as the dimensionality of spacetime and the emergence of spacetime from a more fundamental theory. This exploration broadens our understanding of the underlying principles of the universe.
4,How does string cosmology serve as a bridge between theoretical physics and cosmology?,"String cosmology connects various areas including string theory, modern mathematics, and observational cosmology. It not only enhances our understanding of fundamental physics but also provides new models and scenarios that drive advancements in both theoretical and observational cosmology."
5,How does string theory address the cosmological constant problem in the context of dark energy?,"In the cosmological constant part of string theory, the string landscape is proposed as a potential solution. This involves a vast number of string vacua with different values of the cosmological constant, providing a way to explain the fine-tuned value of dark energy seen in the universe today."
6,What is quintessence in the context of dynamical dark energy in string theory?,"Quintessence refers to a dynamically evolving energy component that could be responsible for the acceleration of the universe. In string theory, there are discussions on constructing models of quintessence and the associated challenges, providing insight into alternative explanations for dark energy beyond a cosmological constant."
7,How does string theory contribute to alternatives to standard cosmology discussed in Sec. 7?,"String theory provides frameworks like string gas cosmology, ekpyrotic/cyclic universe models, rolling tachyon cosmology, pre-Big Bang cosmology, S-branes, holographic models, and creation or decay to nothing scenarios. These alternative cosmological models are explored within the context of string theory to understand the universe's evolution."
8,What is the swampland approach mentioned in the text and how does it relate to string theory and effective field theories?,"The swampland approach seeks to determine consistency conditions for effective field theories that need to be satisfied to be embedded in string theory or any theory of quantum gravity. By exploring these conditions within the framework of string theory, researchers aim to distinguish physically meaningful theories from those that do not fit into the broader context of string theory."
9,How do the various models discussed in Sec. 7 contribute to our understanding of the early universe and the potential fate of the universe?,"The models discussed in Sec. 7, such as string gas cosmology, the ekpyrotic/cyclic universe, and pre-Big Bang cosmology, offer different perspectives on the early universe's evolution and the potential fate of the universe. By exploring these models within the framework of string theory, researchers aim to address important cosmological questions and evaluate the viability of these scenarios based on theoretical consistency and observational constraints."
